,ts,location,wind_sp,wind_deg,pressure,temperature,humidity,cloud_per,rain_amt,weather
0,2025-03-21 22:00:00,Kasetsart University,2.57,3,1014,27.67,46,20,0.0,few clouds
1,2025-03-21 22:30:00,Kasetsart University,4.12,4,1014,29.32,47,20,0.0,few clouds
2,2025-03-21 23:00:00,Kasetsart University,4.12,4,1014,28.33,48,20,0.0,few clouds
3,2025-03-21 23:30:00,Kasetsart University,3.6,4,1014,27.85,50,20,0.0,few clouds
4,2025-03-22 00:00:00,Kasetsart University,4.12,4,1014,27.38,52,20,0.0,few clouds
5,2025-03-22 00:30:00,Kasetsart University,2.06,2,1013,28.35,57,20,0.0,few clouds
6,2025-03-22 01:00:00,Kasetsart University,1.03,1,1013,27.48,62,20,0.0,few clouds
7,2025-03-22 01:30:00,Kasetsart University,1.03,1,1013,27.29,52,20,0.0,few clouds
8,2025-03-22 02:00:00,Kasetsart University,2.06,2,1013,26.99,54,20,0.0,few clouds
9,2025-03-22 02:30:00,Kasetsart University,2.06,2,1013,26.37,64,20,0.0,few clouds
10,2025-03-22 03:00:00,Kasetsart University,2.06,2,1013,26.27,65,20,0.0,few clouds
11,2025-03-22 03:30:00,Kasetsart University,1.54,2,1013,26.48,65,20,0.0,few clouds
12,2025-03-22 04:00:00,Kasetsart University,1.54,2,1013,26.37,65,20,0.0,few clouds
13,2025-03-22 04:30:00,Kasetsart University,1.54,2,1013,26.03,63,20,0.0,few clouds
14,2025-03-22 05:00:00,Kasetsart University,1.03,1,1013,25.94,59,20,0.0,few clouds
15,2025-03-22 05:30:00,Kasetsart University,1.03,1,1014,25.68,68,20,0.0,few clouds
16,2025-03-22 06:00:00,Kasetsart University,2.06,2,1014,24.3,73,20,0.0,few clouds
17,2025-03-22 06:30:00,Kasetsart University,1.03,1,1015,24.12,74,20,0.0,few clouds
18,2025-03-22 07:00:00,Kasetsart University,1.03,1,1015,23.09,68,20,0.0,few clouds
19,2025-03-22 07:30:00,Kasetsart University,1.54,2,1015,23.3,67,20,0.0,few clouds
20,2025-03-22 08:00:00,Kasetsart University,1.03,1,1015,24.97,72,20,0.0,few clouds
21,2025-03-22 08:30:00,Kasetsart University,2.06,2,1016,25.84,66,20,0.0,few clouds
22,2025-03-22 09:00:00,Kasetsart University,3.09,3,1016,26.76,63,89,0.0,overcast clouds
23,2025-03-22 09:30:00,Kasetsart University,3.09,3,1016,27.56,61,64,0.0,broken clouds
24,2025-03-22 10:00:00,Kasetsart University,2.57,3,1016,29.62,67,64,0.0,broken clouds
25,2025-03-22 10:30:00,Kasetsart University,2.57,3,1015,29.51,57,60,0.0,broken clouds
26,2025-03-22 11:00:00,Kasetsart University,2.81,3,1015,31.14,64,60,0.0,broken clouds
27,2025-03-22 11:30:00,Kasetsart University,2.57,3,1014,32.54,54,62,0.0,broken clouds
28,2025-03-22 12:00:00,Kasetsart University,3.6,4,1014,32.72,48,62,0.0,broken clouds
29,2025-03-22 12:30:00,Kasetsart University,3.6,4,1012,33.47,47,63,0.0,broken clouds
30,2025-03-22 13:00:00,Kasetsart University,5.14,5,1012,34.05,47,63,0.0,broken clouds
31,2025-03-22 13:30:00,Kasetsart University,3.6,4,1011,34.24,47,36,0.0,scattered clouds
32,2025-03-22 14:00:00,Kasetsart University,4.12,4,1011,34.49,47,100,0.0,overcast clouds
33,2025-03-22 14:30:00,Kasetsart University,2.85,3,1010,35.2,46,95,0.0,overcast clouds
34,2025-03-22 15:00:00,Kasetsart University,2.85,3,1010,35.4,50,95,0.0,overcast clouds
35,2025-03-22 15:30:00,Kasetsart University,2.44,2,1009,35.52,50,97,0.0,overcast clouds
36,2025-03-22 16:00:00,Kasetsart University,2.06,2,1009,35.04,46,97,0.0,overcast clouds
37,2025-03-22 16:30:00,Kasetsart University,2.35,2,1009,35.58,47,95,0.0,overcast clouds
38,2025-03-22 17:00:00,Kasetsart University,2.35,2,1009,35.83,51,95,0.0,overcast clouds
39,2025-03-22 17:30:00,Kasetsart University,1.64,2,1009,34.9,39,92,0.0,overcast clouds
40,2025-03-22 18:00:00,Kasetsart University,1.64,2,1009,34.66,40,92,0.0,overcast clouds
41,2025-03-22 18:30:00,Kasetsart University,3.09,3,1010,33.79,39,81,0.0,broken clouds
42,2025-03-22 19:00:00,Kasetsart University,2.06,2,1010,33.02,41,81,0.0,broken clouds
43,2025-03-22 19:30:00,Kasetsart University,2.57,3,1011,32.53,42,20,0.0,few clouds
44,2025-03-22 20:00:00,Kasetsart University,2.06,2,1012,31.73,42,20,0.0,few clouds
45,2025-03-22 20:30:00,Kasetsart University,3.09,3,1012,31.41,41,20,0.0,few clouds
46,2025-03-22 21:00:00,Kasetsart University,3.09,3,1012,30.73,44,20,0.0,few clouds
47,2025-03-22 21:30:00,Kasetsart University,3.09,3,1013,31.15,42,20,0.0,few clouds
48,2025-03-22 22:00:00,Kasetsart University,0.0,0,1013,30.4,44,20,0.0,few clouds
49,2025-03-22 22:30:00,Kasetsart University,1.03,1,1013,29.61,49,20,0.0,few clouds
50,2025-03-22 23:00:00,Kasetsart University,2.57,3,1013,29.94,47,20,0.0,few clouds
51,2025-03-22 23:30:00,Kasetsart University,1.03,1,1012,30.3,53,20,0.0,few clouds
52,2025-03-23 00:00:00,Kasetsart University,1.54,2,1012,29.75,53,20,0.0,few clouds
53,2025-03-23 00:30:00,Kasetsart University,2.04,2,1012,31.09,51,32,0.0,scattered clouds
54,2025-03-23 01:00:00,Kasetsart University,1.54,2,1012,29.56,54,20,0.0,few clouds
55,2025-03-23 01:30:00,Kasetsart University,0.51,1,1012,28.85,60,20,0.0,few clouds
56,2025-03-23 02:00:00,Kasetsart University,0.0,0,1012,29.38,55,20,0.0,few clouds
57,2025-03-23 02:30:00,Kasetsart University,0.51,1,1012,28.6,59,20,0.0,few clouds
58,2025-03-23 03:00:00,Kasetsart University,0.0,0,1012,28.08,61,20,0.0,few clouds
59,2025-03-23 03:30:00,Kasetsart University,1.03,1,1012,28.45,71,20,0.0,few clouds
60,2025-03-23 04:00:00,Kasetsart University,1.54,2,1012,28.17,61,20,0.0,few clouds
61,2025-03-23 04:30:00,Kasetsart University,2.06,2,1012,25.62,68,20,0.0,few clouds
62,2025-03-23 05:00:00,Kasetsart University,2.06,2,1012,27.05,68,20,0.0,few clouds
63,2025-03-23 05:30:00,Kasetsart University,1.03,1,1013,23.69,78,20,0.0,few clouds
64,2025-03-23 06:00:00,Kasetsart University,1.54,2,1013,25.44,80,20,0.0,few clouds
65,2025-03-23 06:30:00,Kasetsart University,1.54,2,1013,26.83,73,20,0.0,few clouds
66,2025-03-23 07:00:00,Kasetsart University,1.03,1,1013,27.04,73,7,0.0,haze
67,2025-03-23 07:30:00,Kasetsart University,1.54,2,1014,28.1,65,0,0.0,haze
68,2025-03-23 08:00:00,Kasetsart University,0.73,1,1014,27.49,75,0,0.0,clear sky
69,2025-03-23 08:30:00,Kasetsart University,1.19,1,1015,30.62,61,3,0.0,clear sky
70,2025-03-23 09:00:00,Kasetsart University,1.19,1,1015,30.74,61,3,0.0,clear sky
71,2025-03-23 09:30:00,Kasetsart University,1.17,1,1015,31.07,59,3,0.0,clear sky
72,2025-03-23 10:00:00,Kasetsart University,0.51,1,1015,31.48,55,20,0.0,few clouds
73,2025-03-23 10:30:00,Kasetsart University,1.03,1,1014,32.5,44,20,0.0,few clouds
74,2025-03-23 11:00:00,Kasetsart University,1.54,2,1014,33.27,42,20,0.0,few clouds
75,2025-03-23 11:30:00,Kasetsart University,2.06,2,1013,33.33,50,20,0.0,few clouds
76,2025-03-23 12:00:00,Kasetsart University,1.54,2,1013,34.15,48,20,0.0,few clouds
77,2025-03-23 12:30:00,Kasetsart University,1.54,2,1011,34.97,48,20,0.0,few clouds
78,2025-03-23 13:00:00,Kasetsart University,1.54,2,1011,35.32,47,20,0.0,few clouds
79,2025-03-23 13:30:00,Kasetsart University,0.75,1,1010,35.95,50,0,0.0,clear sky
81,2025-03-23 14:00:00,Kasetsart University,0.61,1,1010,36.43,49,47,0.0,scattered clouds
83,2025-03-23 14:30:00,Kasetsart University,1.54,2,1009,36.43,44,20,0.0,few clouds
85,2025-03-23 15:00:00,Kasetsart University,2.57,3,1009,36.14,44,20,0.0,few clouds
87,2025-03-23 15:30:00,Kasetsart University,1.54,2,1008,36.73,44,20,0.0,few clouds
89,2025-03-23 16:00:00,Kasetsart University,0.63,1,1008,37.04,49,17,0.0,few clouds
91,2025-03-23 16:30:00,Kasetsart University,0.75,1,1008,36.68,36,14,0.0,few clouds
93,2025-03-23 17:00:00,Kasetsart University,0.75,1,1008,36.75,48,14,0.0,few clouds
95,2025-03-23 17:30:00,Kasetsart University,2.06,2,1008,36.17,44,20,0.0,few clouds
97,2025-03-23 18:00:00,Kasetsart University,1.54,2,1008,35.52,46,20,0.0,few clouds
99,2025-03-23 18:30:00,Kasetsart University,2.57,3,1008,35.14,37,20,0.0,few clouds
101,2025-03-23 19:00:00,Kasetsart University,2.06,2,1008,34.33,41,20,0.0,few clouds
103,2025-03-23 19:30:00,Kasetsart University,4.12,4,1010,32.54,44,20,0.0,few clouds
105,2025-03-23 20:00:00,Kasetsart University,3.6,4,1010,32.44,43,20,0.0,few clouds
107,2025-03-23 20:30:00,Kasetsart University,2.57,3,1011,32.82,45,20,0.0,few clouds
109,2025-03-23 21:00:00,Kasetsart University,3.09,3,1011,32.65,40,20,0.0,few clouds
111,2025-03-23 21:30:00,Kasetsart University,2.57,3,1012,32.64,40,20,0.0,few clouds
113,2025-03-23 22:00:00,Kasetsart University,2.57,3,1012,32.39,41,20,0.0,few clouds
115,2025-03-23 22:30:00,Kasetsart University,2.06,2,1011,31.9,44,20,0.0,few clouds
117,2025-03-23 23:00:00,Kasetsart University,2.06,2,1011,30.24,50,20,0.0,few clouds
119,2025-03-23 23:30:00,Kasetsart University,2.06,2,1011,28.33,58,20,0.0,few clouds
121,2025-03-24 00:00:00,Kasetsart University,2.06,2,1011,28.99,57,20,0.0,few clouds
123,2025-03-24 00:30:00,Kasetsart University,3.09,3,1011,28.82,63,20,0.0,few clouds
125,2025-03-24 01:00:00,Kasetsart University,3.09,3,1011,29.22,62,20,0.0,few clouds
127,2025-03-24 01:30:00,Kasetsart University,3.09,3,1010,29.22,65,20,0.0,few clouds
129,2025-03-24 02:00:00,Kasetsart University,3.09,3,1010,28.69,68,20,0.0,few clouds
131,2025-03-24 02:30:00,Kasetsart University,2.57,3,1010,27.92,74,20,0.0,few clouds
133,2025-03-24 03:00:00,Kasetsart University,2.57,3,1010,28.73,79,20,0.0,few clouds
135,2025-03-24 03:30:00,Kasetsart University,2.57,3,1010,28.38,80,20,0.0,few clouds
137,2025-03-24 04:00:00,Kasetsart University,2.57,3,1010,27.16,87,20,0.0,mist
139,2025-03-24 04:30:00,Kasetsart University,2.06,2,1010,27.06,87,20,0.0,mist
141,2025-03-24 05:00:00,Kasetsart University,2.06,2,1010,26.95,87,20,0.0,mist
143,2025-03-24 05:30:00,Kasetsart University,1.54,2,1010,26.95,87,20,0.0,mist
145,2025-03-24 06:00:00,Kasetsart University,1.54,2,1010,26.12,91,20,0.0,mist
147,2025-03-24 06:30:00,Kasetsart University,1.54,2,1011,27.25,84,20,0.0,mist
149,2025-03-24 07:00:00,Kasetsart University,2.57,3,1011,26.61,90,20,0.0,mist
151,2025-03-24 07:30:00,Kasetsart University,2.06,2,1012,26.71,87,20,0.0,mist
153,2025-03-24 08:00:00,Kasetsart University,3.6,4,1012,28.33,83,20,0.0,mist
155,2025-03-24 08:30:00,Kasetsart University,2.57,3,1013,29.21,75,20,0.0,mist
157,2025-03-24 09:00:00,Kasetsart University,2.57,3,1013,31.04,66,20,0.0,haze
159,2025-03-24 09:30:00,Kasetsart University,3.09,3,1012,31.62,65,20,0.0,haze
161,2025-03-24 10:00:00,Kasetsart University,2.57,3,1012,32.18,60,20,0.0,haze
163,2025-03-24 10:30:00,Kasetsart University,2.06,2,1012,32.41,62,20,0.0,haze
165,2025-03-24 11:00:00,Kasetsart University,1.03,1,1012,33.23,58,20,0.0,haze
167,2025-03-24 11:30:00,Kasetsart University,1.03,1,1011,34.84,47,20,0.0,few clouds
169,2025-03-24 12:00:00,Kasetsart University,1.54,2,1011,34.72,54,20,0.0,few clouds
171,2025-03-24 12:30:00,Kasetsart University,2.06,2,1009,35.18,54,20,0.0,few clouds
173,2025-03-24 13:00:00,Kasetsart University,1.54,2,1009,36.01,45,20,0.0,few clouds
175,2025-03-24 13:30:00,Kasetsart University,1.54,2,1008,36.37,45,20,0.0,few clouds
177,2025-03-24 14:00:00,Kasetsart University,2.57,3,1008,36.25,51,20,0.0,few clouds
179,2025-03-24 14:30:00,Kasetsart University,2.06,2,1007,36.37,44,20,0.0,few clouds
181,2025-03-24 15:00:00,Kasetsart University,3.6,4,1007,36.57,44,20,0.0,few clouds
183,2025-03-24 15:30:00,Kasetsart University,2.57,3,1006,36.43,50,20,0.0,few clouds
185,2025-03-24 16:00:00,Kasetsart University,4.63,5,1006,36.07,45,20,0.0,few clouds
187,2025-03-24 16:30:00,Kasetsart University,5.14,5,1006,35.73,49,20,0.0,few clouds
189,2025-03-24 17:00:00,Kasetsart University,5.14,5,1006,35.67,52,20,0.0,few clouds
191,2025-03-24 17:30:00,Kasetsart University,4.63,5,1006,35.32,45,20,0.0,few clouds
193,2025-03-24 18:00:00,Kasetsart University,4.63,5,1006,34.98,50,20,0.0,few clouds
195,2025-03-24 18:30:00,Kasetsart University,3.6,4,1007,34.16,47,20,0.0,few clouds
197,2025-03-24 19:00:00,Kasetsart University,3.6,4,1007,31.97,48,20,0.0,few clouds
199,2025-03-24 19:30:00,Kasetsart University,3.6,4,1007,31.97,48,20,0.0,few clouds
201,2025-03-24 20:00:00,Kasetsart University,4.12,4,1008,31.81,58,20,0.0,few clouds
203,2025-03-24 20:30:00,Kasetsart University,3.6,4,1008,30.91,59,20,0.0,few clouds
205,2025-03-24 21:00:00,Kasetsart University,4.63,5,1008,30.17,65,20,0.0,few clouds
207,2025-03-24 21:30:00,Kasetsart University,4.63,5,1008,29.84,70,20,0.0,few clouds
209,2025-03-24 22:00:00,Kasetsart University,3.6,4,1008,29.07,73,20,0.0,few clouds
211,2025-03-24 22:30:00,Kasetsart University,4.12,4,1008,30.06,67,20,0.0,few clouds
213,2025-03-24 23:00:00,Kasetsart University,4.12,4,1008,28.94,74,20,0.0,few clouds
215,2025-03-24 23:30:00,Kasetsart University,4.63,5,1009,28.94,74,20,0.0,few clouds
217,2025-03-25 00:00:00,Kasetsart University,4.12,4,1009,29.23,72,20,0.0,few clouds
219,2025-03-25 00:30:00,Kasetsart University,4.63,5,1008,28.82,75,20,0.0,few clouds
221,2025-03-25 01:00:00,Kasetsart University,5.14,5,1008,28.82,79,20,0.0,few clouds
223,2025-03-25 01:30:00,Kasetsart University,4.12,4,1008,28.04,81,20,0.0,few clouds
225,2025-03-25 02:00:00,Kasetsart University,2.57,3,1008,28.81,82,20,0.0,few clouds
227,2025-03-25 02:30:00,Kasetsart University,2.57,3,1007,27.68,89,20,0.0,few clouds
229,2025-03-25 03:00:00,Kasetsart University,3.09,3,1007,28.31,84,20,0.0,few clouds
231,2025-03-25 03:30:00,Kasetsart University,2.57,3,1007,28.2,87,20,0.0,few clouds
233,2025-03-25 04:00:00,Kasetsart University,2.57,3,1007,28.2,87,20,0.14,light rain
235,2025-03-25 04:30:00,Kasetsart University,1.54,2,1007,28.47,84,20,0.0,few clouds
237,2025-03-25 05:00:00,Kasetsart University,2.06,2,1007,28.1,87,20,0.0,few clouds
239,2025-03-25 05:30:00,Kasetsart University,3.09,3,1008,27.89,87,20,0.0,few clouds
241,2025-03-25 06:00:00,Kasetsart University,3.09,3,1008,27.79,88,20,1.0,light rain
243,2025-03-25 06:30:00,Kasetsart University,2.57,3,1008,27.92,89,20,0.0,few clouds
245,2025-03-25 07:00:00,Kasetsart University,2.57,3,1008,26.95,91,20,0.5,light rain
247,2025-03-25 07:30:00,Kasetsart University,3.09,3,1009,28.03,84,20,0.14,light rain
249,2025-03-25 08:00:00,Kasetsart University,2.06,2,1009,29.11,88,20,0.0,mist
251,2025-03-25 08:30:00,Kasetsart University,2.06,2,1009,28.46,85,20,0.0,few clouds
253,2025-03-25 09:00:00,Kasetsart University,3.6,4,1009,30.46,79,40,0.0,scattered clouds
255,2025-03-25 09:30:00,Kasetsart University,3.09,3,1009,31.18,79,40,0.0,scattered clouds
257,2025-03-25 10:00:00,Kasetsart University,3.6,4,1009,32.05,75,20,0.0,few clouds
259,2025-03-25 10:30:00,Kasetsart University,3.6,4,1009,33.22,63,20,0.0,few clouds
261,2025-03-25 11:00:00,Kasetsart University,3.6,4,1009,33.72,60,20,0.0,few clouds
263,2025-03-25 11:30:00,Kasetsart University,3.09,3,1008,33.9,62,20,0.0,few clouds
265,2025-03-25 12:00:00,Kasetsart University,3.09,3,1008,34.75,64,20,0.0,few clouds
267,2025-03-25 12:30:00,Kasetsart University,3.6,4,1006,35.24,58,20,0.0,few clouds
269,2025-03-25 13:00:00,Kasetsart University,3.6,4,1006,35.54,53,20,0.0,few clouds
271,2025-03-25 13:30:00,Kasetsart University,3.6,4,1005,35.71,52,20,0.0,few clouds
273,2025-03-25 14:00:00,Kasetsart University,5.14,5,1005,36.07,51,20,0.0,few clouds
275,2025-03-25 14:30:00,Kasetsart University,3.09,3,1004,36.41,57,20,0.0,few clouds
277,2025-03-25 15:00:00,Kasetsart University,2.57,3,1004,36.42,49,20,0.0,few clouds
279,2025-03-25 15:30:00,Kasetsart University,3.6,4,1003,36.64,52,20,0.0,few clouds
281,2025-03-25 16:00:00,Kasetsart University,3.09,3,1003,36.46,52,20,0.0,few clouds
283,2025-03-25 16:30:00,Kasetsart University,4.12,4,1003,36.25,48,20,0.0,few clouds
285,2025-03-25 17:00:00,Kasetsart University,4.63,5,1003,35.95,54,20,0.0,few clouds
287,2025-03-25 17:30:00,Kasetsart University,4.63,5,1004,35.47,60,20,0.0,few clouds
289,2025-03-25 18:00:00,Kasetsart University,4.63,5,1004,34.69,51,20,0.0,few clouds
291,2025-03-25 18:30:00,Kasetsart University,4.63,5,1004,34.44,50,20,0.0,few clouds
293,2025-03-25 19:00:00,Kasetsart University,3.6,4,1004,32.15,57,20,0.0,few clouds
295,2025-03-25 19:30:00,Kasetsart University,4.63,5,1004,31.98,56,20,0.0,few clouds
297,2025-03-25 20:00:00,Kasetsart University,4.63,5,1005,31.11,61,20,0.0,few clouds
299,2025-03-25 20:30:00,Kasetsart University,4.63,5,1006,30.91,65,20,0.0,few clouds
301,2025-03-25 21:00:00,Kasetsart University,3.6,4,1006,30.17,69,20,0.0,few clouds
303,2025-03-25 21:30:00,Kasetsart University,6.17,6,1007,30.07,70,20,0.0,few clouds
305,2025-03-25 22:00:00,Kasetsart University,4.63,5,1007,29.97,71,20,0.0,few clouds
307,2025-03-25 22:30:00,Kasetsart University,5.66,6,1007,29.33,73,20,0.0,few clouds
309,2025-03-25 23:00:00,Kasetsart University,5.14,5,1007,28.94,78,20,0.0,few clouds
311,2025-03-25 23:30:00,Kasetsart University,4.63,5,1006,28.94,78,20,0.0,few clouds
313,2025-03-26 00:00:00,Kasetsart University,5.14,5,1006,28.94,79,20,0.0,few clouds
315,2025-03-26 00:30:00,Kasetsart University,4.63,5,1006,28.94,79,20,0.0,few clouds
317,2025-03-26 01:00:00,Kasetsart University,5.14,5,1006,29.35,81,20,0.12,light rain
319,2025-03-26 01:30:00,Kasetsart University,5.14,5,1005,29.26,81,20,0.0,few clouds
321,2025-03-26 02:00:00,Kasetsart University,4.63,5,1006,29.18,81,20,0.0,few clouds
323,2025-03-26 02:30:00,Kasetsart University,4.63,5,1006,28.41,86,20,0.0,few clouds
325,2025-03-26 03:00:00,Kasetsart University,4.12,4,1006,28.81,83,20,0.0,few clouds
327,2025-03-26 03:30:00,Kasetsart University,4.12,4,1005,28.41,87,20,0.0,few clouds
329,2025-03-26 04:00:00,Kasetsart University,3.09,3,1005,28.41,86,20,0.0,few clouds
331,2025-03-26 04:30:00,Kasetsart University,3.6,4,1006,28.41,86,20,0.0,few clouds
333,2025-03-26 05:00:00,Kasetsart University,3.09,3,1006,28.2,87,20,0.0,few clouds
335,2025-03-26 05:30:00,Kasetsart University,2.57,3,1006,28.2,87,20,0.0,few clouds
337,2025-03-26 06:00:00,Kasetsart University,3.09,3,1006,28.2,87,20,0.0,few clouds
339,2025-03-26 06:30:00,Kasetsart University,2.57,3,1007,27.99,88,20,0.0,few clouds
341,2025-03-26 07:00:00,Kasetsart University,2.57,3,1007,28.3,89,20,0.0,few clouds
343,2025-03-26 07:30:00,Kasetsart University,3.09,3,1008,29.33,82,20,0.0,few clouds
345,2025-03-26 08:00:00,Kasetsart University,3.6,4,1008,29.17,82,20,0.0,few clouds
347,2025-03-26 08:30:00,Kasetsart University,3.6,4,1008,30.66,81,20,0.0,few clouds
349,2025-03-26 09:00:00,Kasetsart University,4.63,5,1008,31.13,79,20,0.0,few clouds
351,2025-03-26 09:30:00,Kasetsart University,4.63,5,1008,32.05,74,20,0.0,few clouds
353,2025-03-26 10:00:00,Kasetsart University,5.14,5,1008,32.89,69,20,0.0,few clouds
355,2025-03-26 10:30:00,Kasetsart University,4.63,5,1007,33.11,68,20,0.0,few clouds
357,2025-03-26 11:00:00,Kasetsart University,4.63,5,1007,34.29,60,20,0.0,few clouds
359,2025-03-26 11:30:00,Kasetsart University,5.14,5,1007,34.37,63,20,0.0,few clouds
361,2025-03-26 12:00:00,Kasetsart University,5.14,5,1007,35.0,56,40,0.0,scattered clouds
363,2025-03-26 12:30:00,Kasetsart University,4.63,5,1005,35.0,56,40,0.0,scattered clouds
365,2025-03-26 13:00:00,Kasetsart University,4.12,4,1005,35.54,54,40,0.0,scattered clouds
367,2025-03-26 13:30:00,Kasetsart University,5.14,5,1004,35.71,53,40,0.0,scattered clouds
369,2025-03-26 14:00:00,Kasetsart University,4.63,5,1004,35.47,56,40,0.0,scattered clouds
371,2025-03-26 14:30:00,Kasetsart University,5.66,6,1004,36.46,48,40,0.0,scattered clouds
373,2025-03-26 15:00:00,Kasetsart University,4.63,5,1004,36.28,58,40,0.0,scattered clouds
375,2025-03-26 15:30:00,Kasetsart University,5.14,5,1003,36.31,48,40,0.0,scattered clouds
377,2025-03-26 16:00:00,Kasetsart University,4.63,5,1003,36.22,53,20,0.0,few clouds
379,2025-03-26 16:30:00,Kasetsart University,4.63,5,1003,35.95,47,20,0.0,few clouds
381,2025-03-26 17:00:00,Kasetsart University,4.63,5,1003,35.75,55,20,0.0,few clouds
383,2025-03-26 17:30:00,Kasetsart University,4.12,4,1003,35.11,49,20,0.0,few clouds
385,2025-03-26 18:00:00,Kasetsart University,4.63,5,1003,34.96,50,20,0.0,few clouds
387,2025-03-26 18:30:00,Kasetsart University,4.12,4,1003,34.0,54,20,0.0,few clouds
389,2025-03-26 19:00:00,Kasetsart University,3.6,4,1003,33.86,55,20,0.0,few clouds
391,2025-03-26 19:30:00,Kasetsart University,4.12,4,1004,33.45,61,20,0.0,few clouds
393,2025-03-26 20:00:00,Kasetsart University,4.63,5,1004,32.93,68,20,0.0,few clouds
395,2025-03-26 20:30:00,Kasetsart University,5.14,5,1005,32.53,69,20,0.0,few clouds
397,2025-03-26 21:00:00,Kasetsart University,5.66,6,1005,32.14,76,20,0.0,few clouds
399,2025-03-26 21:30:00,Kasetsart University,6.17,6,1006,31.8,74,20,0.0,few clouds
401,2025-03-26 22:00:00,Kasetsart University,6.17,6,1006,31.37,80,20,0.0,few clouds
403,2025-03-26 22:30:00,Kasetsart University,5.66,6,1006,31.42,76,20,0.0,few clouds
405,2025-03-26 23:00:00,Kasetsart University,6.17,6,1006,31.01,84,20,0.0,few clouds
407,2025-03-26 23:30:00,Kasetsart University,4.63,5,1005,30.91,78,20,0.0,few clouds
409,2025-03-27 00:00:00,Kasetsart University,5.14,5,1005,30.6,83,20,0.0,few clouds
411,2025-03-27 00:30:00,Kasetsart University,4.63,5,1005,30.82,78,20,0.0,few clouds
413,2025-03-27 01:00:00,Kasetsart University,5.14,5,1005,30.82,78,20,0.0,few clouds
415,2025-03-27 01:30:00,Kasetsart University,4.63,5,1005,29.51,78,20,0.0,few clouds
417,2025-03-27 02:00:00,Kasetsart University,3.6,4,1005,29.4,83,20,0.0,few clouds
419,2025-03-27 02:30:00,Kasetsart University,4.12,4,1004,29.61,77,20,0.0,few clouds
421,2025-03-27 03:00:00,Kasetsart University,4.63,5,1004,29.49,85,20,0.0,few clouds
423,2025-03-27 03:30:00,Kasetsart University,3.09,3,1004,29.32,82,20,0.0,few clouds
425,2025-03-27 04:00:00,Kasetsart University,1.54,2,1004,29.18,87,20,0.0,few clouds
427,2025-03-27 04:30:00,Kasetsart University,2.06,2,1005,28.82,81,20,0.0,few clouds
429,2025-03-27 05:00:00,Kasetsart University,2.06,2,1004,28.75,87,20,0.0,few clouds
431,2025-03-27 05:30:00,Kasetsart University,2.06,2,1005,28.4,80,20,0.0,few clouds
433,2025-03-27 06:00:00,Kasetsart University,2.57,3,1005,28.38,88,20,0.0,few clouds
435,2025-03-27 06:30:00,Kasetsart University,3.09,3,1006,28.99,80,20,0.0,few clouds
437,2025-03-27 07:00:00,Kasetsart University,3.09,3,1006,28.94,81,40,0.0,scattered clouds
439,2025-03-27 07:30:00,Kasetsart University,2.06,2,1007,30.29,72,40,0.0,mist
441,2025-03-27 08:00:00,Kasetsart University,2.06,2,1007,30.05,84,40,0.0,mist
443,2025-03-27 08:30:00,Kasetsart University,2.06,2,1008,31.34,72,40,0.0,mist
445,2025-03-27 09:00:00,Kasetsart University,2.06,2,1008,31.68,80,40,0.0,scattered clouds
447,2025-03-27 09:30:00,Kasetsart University,2.57,3,1008,32.9,64,40,0.0,scattered clouds
449,2025-03-27 10:00:00,Kasetsart University,3.6,4,1008,32.99,68,40,0.0,scattered clouds
451,2025-03-27 10:30:00,Kasetsart University,3.09,3,1007,33.92,57,40,0.0,scattered clouds
453,2025-03-27 11:00:00,Kasetsart University,3.6,4,1008,34.13,62,40,0.0,scattered clouds
455,2025-03-27 11:30:00,Kasetsart University,1.54,2,1007,35.08,52,40,0.0,scattered clouds
457,2025-03-27 12:00:00,Kasetsart University,4.63,5,1007,35.24,58,40,0.0,scattered clouds
459,2025-03-27 12:30:00,Kasetsart University,5.14,5,1005,36.1,48,40,0.0,scattered clouds
461,2025-03-27 13:00:00,Kasetsart University,5.16,5,1006,36.12,55,40,0.0,scattered clouds
463,2025-03-27 13:30:00,Kasetsart University,3.09,3,1004,36.1,44,20,0.0,few clouds
465,2025-03-27 14:00:00,Kasetsart University,3.6,4,1004,36.39,51,20,0.0,few clouds
467,2025-03-27 14:30:00,Kasetsart University,3.09,3,1003,36.45,41,20,0.0,few clouds
469,2025-03-27 15:00:00,Kasetsart University,3.6,4,1003,36.47,49,20,0.0,few clouds
471,2025-03-27 15:30:00,Kasetsart University,4.12,4,1002,36.46,41,20,0.0,few clouds
473,2025-03-27 16:00:00,Kasetsart University,4.63,5,1002,36.36,48,20,0.0,few clouds
475,2025-03-27 16:30:00,Kasetsart University,4.12,4,1002,35.89,40,20,0.0,few clouds
477,2025-03-27 17:00:00,Kasetsart University,4.63,5,1002,35.84,40,20,0.0,few clouds
479,2025-03-27 17:30:00,Kasetsart University,4.63,5,1002,35.77,48,20,0.0,few clouds
481,2025-03-27 18:00:00,Kasetsart University,4.63,5,1002,34.64,48,20,0.0,few clouds
483,2025-03-27 18:30:00,Kasetsart University,4.63,5,1002,33.31,46,20,0.0,few clouds
485,2025-03-27 19:00:00,Kasetsart University,3.6,4,1003,33.15,47,20,0.0,few clouds
487,2025-03-27 19:30:00,Kasetsart University,4.63,5,1003,32.45,50,20,0.0,few clouds
489,2025-03-27 20:00:00,Kasetsart University,4.63,5,1004,32.26,55,20,0.0,few clouds
491,2025-03-27 20:30:00,Kasetsart University,4.63,5,1004,31.52,58,20,0.0,few clouds
493,2025-03-27 21:00:00,Kasetsart University,3.6,4,1004,31.39,63,20,0.0,few clouds
495,2025-03-27 21:30:00,Kasetsart University,5.14,5,1005,30.87,66,20,0.0,few clouds
497,2025-03-27 22:00:00,Kasetsart University,5.14,5,1005,30.69,73,20,0.0,few clouds
499,2025-03-27 22:30:00,Kasetsart University,5.66,6,1005,30.24,70,20,0.0,few clouds
501,2025-03-27 23:00:00,Kasetsart University,5.14,5,1005,30.0,77,20,0.0,few clouds
503,2025-03-27 23:30:00,Kasetsart University,4.63,5,1005,29.77,74,20,0.0,few clouds
505,2025-03-28 00:00:00,Kasetsart University,3.6,4,1005,29.69,75,20,0.0,few clouds
507,2025-03-28 00:30:00,Kasetsart University,4.63,5,1004,29.32,74,20,0.0,few clouds
509,2025-03-28 01:00:00,Kasetsart University,4.63,5,1004,29.32,74,20,0.0,few clouds
511,2025-03-28 01:30:00,Kasetsart University,4.63,5,1004,28.88,73,20,0.0,few clouds
513,2025-03-28 02:00:00,Kasetsart University,3.6,4,1004,28.68,79,20,0.11,light rain
515,2025-03-28 02:30:00,Kasetsart University,3.6,4,1004,28.81,77,20,0.0,few clouds
517,2025-03-28 03:00:00,Kasetsart University,3.6,4,1004,28.65,81,20,0.0,few clouds
519,2025-03-28 03:30:00,Kasetsart University,3.09,3,1004,28.92,77,20,0.0,few clouds
521,2025-03-28 04:00:00,Kasetsart University,3.09,3,1004,28.82,81,20,0.0,few clouds
523,2025-03-28 04:30:00,Kasetsart University,3.6,4,1005,28.76,76,20,0.3,light rain
525,2025-03-28 05:00:00,Kasetsart University,2.06,2,1004,28.7,81,20,0.0,few clouds
527,2025-03-28 05:30:00,Kasetsart University,2.06,2,1005,28.61,76,20,0.0,few clouds
529,2025-03-28 06:00:00,Kasetsart University,1.54,2,1005,28.47,83,20,0.0,few clouds
531,2025-03-28 06:30:00,Kasetsart University,1.54,2,1006,28.46,76,20,0.0,few clouds
533,2025-03-28 07:00:00,Kasetsart University,1.54,2,1006,28.45,75,20,0.0,few clouds
535,2025-03-28 07:30:00,Kasetsart University,2.57,3,1007,29.02,67,40,0.0,scattered clouds
537,2025-03-28 08:00:00,Kasetsart University,2.06,2,1008,29.76,84,40,0.0,scattered clouds
539,2025-03-28 08:30:00,Kasetsart University,1.54,2,1008,29.89,83,40,0.0,scattered clouds
541,2025-03-28 09:00:00,Kasetsart University,1.79,2,1008,31.46,62,77,0.0,broken clouds
543,2025-03-28 09:30:00,Kasetsart University,3.6,4,1008,32.84,49,20,0.0,few clouds
545,2025-03-28 10:00:00,Kasetsart University,4.12,4,1009,32.95,48,20,0.0,few clouds
547,2025-03-28 10:30:00,Kasetsart University,3.09,3,1008,33.65,33,20,0.0,few clouds
549,2025-03-28 11:00:00,Kasetsart University,1.35,1,1008,33.67,33,70,0.0,broken clouds
551,2025-03-28 11:30:00,Kasetsart University,4.12,4,1007,34.49,28,20,0.0,few clouds
553,2025-03-28 12:00:00,Kasetsart University,3.6,4,1007,34.52,28,20,0.0,few clouds
555,2025-03-28 12:30:00,Kasetsart University,3.09,3,1005,35.89,25,20,0.0,few clouds
557,2025-03-28 13:00:00,Kasetsart University,3.09,3,1005,35.89,25,20,0.0,few clouds
559,2025-03-28 13:30:00,Kasetsart University,2.57,3,1004,37.48,25,20,0.0,few clouds
561,2025-03-28 14:00:00,Kasetsart University,3.09,3,1004,37.48,25,20,0.0,few clouds
563,2025-03-28 14:30:00,Kasetsart University,2.57,3,1003,38.42,25,20,0.0,few clouds
565,2025-03-28 15:00:00,Kasetsart University,1.54,2,1003,38.4,26,20,0.0,few clouds
567,2025-03-28 15:30:00,Kasetsart University,3.09,3,1002,38.35,24,20,0.0,few clouds
569,2025-03-28 16:00:00,Kasetsart University,2.06,2,1002,38.35,24,20,0.0,few clouds
571,2025-03-28 16:30:00,Kasetsart University,2.57,3,1002,37.3,24,20,0.0,few clouds
573,2025-03-28 17:00:00,Kasetsart University,3.6,4,1002,37.48,24,20,0.0,few clouds
575,2025-03-28 17:30:00,Kasetsart University,2.57,3,1003,35.52,25,20,0.0,few clouds
577,2025-03-28 18:00:00,Kasetsart University,2.57,3,1003,35.52,25,20,0.0,few clouds
579,2025-03-28 18:30:00,Kasetsart University,4.12,4,1003,34.41,28,20,0.0,few clouds
581,2025-03-28 19:00:00,Kasetsart University,4.12,4,1003,34.41,28,20,0.0,few clouds
583,2025-03-28 19:30:00,Kasetsart University,3.6,4,1004,33.77,38,20,0.0,few clouds
585,2025-03-28 20:00:00,Kasetsart University,3.6,4,1005,34.24,38,20,0.0,few clouds
587,2025-03-28 20:30:00,Kasetsart University,2.57,3,1006,33.0,50,20,0.0,few clouds
589,2025-03-28 21:00:00,Kasetsart University,3.09,3,1006,33.0,50,20,0.0,few clouds
591,2025-03-28 21:30:00,Kasetsart University,3.6,4,1007,29.97,45,20,0.0,few clouds
593,2025-03-28 22:00:00,Kasetsart University,3.09,3,1007,28.71,55,20,0.0,few clouds
595,2025-03-28 22:30:00,Kasetsart University,4.12,4,1007,30.38,55,20,0.0,few clouds
597,2025-03-28 23:00:00,Kasetsart University,4.12,4,1007,28.82,65,20,0.0,few clouds
599,2025-03-28 23:30:00,Kasetsart University,4.12,4,1007,28.82,65,20,0.0,few clouds
601,2025-03-29 00:00:00,Kasetsart University,4.63,5,1007,29.28,67,20,0.0,few clouds
603,2025-03-29 00:30:00,Kasetsart University,4.12,4,1006,29.32,67,20,0.0,few clouds
605,2025-03-29 01:00:00,Kasetsart University,4.12,4,1006,28.94,70,20,0.0,few clouds
607,2025-03-29 01:30:00,Kasetsart University,4.12,4,1005,28.94,70,20,0.0,few clouds
609,2025-03-29 02:00:00,Kasetsart University,4.12,4,1005,28.94,70,20,0.0,few clouds
611,2025-03-29 02:30:00,Kasetsart University,3.6,4,1005,27.97,78,20,0.0,few clouds
613,2025-03-29 03:00:00,Kasetsart University,4.12,4,1005,28.52,73,20,2.05,moderate rain
615,2025-03-29 03:30:00,Kasetsart University,3.09,3,1005,28.4,73,20,0.0,few clouds
617,2025-03-29 04:00:00,Kasetsart University,2.57,3,1005,27.97,78,20,0.0,few clouds
619,2025-03-29 04:30:00,Kasetsart University,2.06,2,1006,27.97,78,20,0.0,few clouds
621,2025-03-29 05:00:00,Kasetsart University,2.57,3,1006,28.9,80,20,0.0,few clouds
623,2025-03-29 05:30:00,Kasetsart University,2.57,3,1006,27.97,83,20,0.0,few clouds
625,2025-03-29 06:00:00,Kasetsart University,2.06,2,1006,27.97,83,20,0.0,few clouds
627,2025-03-29 06:30:00,Kasetsart University,1.54,2,1007,27.97,83,20,0.0,few clouds
629,2025-03-29 07:00:00,Kasetsart University,2.57,3,1007,29.16,84,20,0.0,few clouds
631,2025-03-29 07:30:00,Kasetsart University,2.57,3,1009,26.97,83,20,0.0,few clouds
633,2025-03-29 08:00:00,Kasetsart University,4.05,4,1009,32.39,66,30,0.0,scattered clouds
635,2025-03-29 08:30:00,Kasetsart University,3.09,3,1009,28.28,75,20,0.0,few clouds
637,2025-03-29 09:00:00,Kasetsart University,4.13,4,1009,33.37,63,21,0.0,few clouds
639,2025-03-29 09:30:00,Kasetsart University,4.33,4,1009,33.92,60,19,0.0,few clouds
641,2025-03-29 10:00:00,Kasetsart University,2.06,2,1009,32.59,68,20,0.0,few clouds
643,2025-03-29 10:30:00,Kasetsart University,2.57,3,1009,33.04,64,20,0.0,few clouds
645,2025-03-29 11:00:00,Kasetsart University,2.57,3,1009,34.5,56,20,0.0,few clouds
647,2025-03-29 11:30:00,Kasetsart University,2.57,3,1008,35.02,54,20,0.0,few clouds
649,2025-03-29 12:00:00,Kasetsart University,2.06,2,1008,35.73,51,20,0.0,few clouds
651,2025-03-29 12:30:00,Kasetsart University,3.09,3,1007,35.57,50,20,0.0,few clouds
653,2025-03-29 13:00:00,Kasetsart University,2.57,3,1007,36.47,47,20,0.0,few clouds
655,2025-03-29 13:30:00,Kasetsart University,3.09,3,1006,36.45,48,20,0.0,few clouds
657,2025-03-29 14:00:00,Kasetsart University,2.06,2,1006,36.45,48,20,0.0,few clouds
659,2025-03-29 14:30:00,Kasetsart University,2.57,3,1004,36.64,47,20,0.0,few clouds
661,2025-03-29 15:00:00,Kasetsart University,3.6,4,1004,37.17,44,20,0.0,few clouds
663,2025-03-29 15:30:00,Kasetsart University,3.09,3,1004,37.17,43,20,0.0,few clouds
665,2025-03-29 16:00:00,Kasetsart University,4.12,4,1004,37.17,42,20,0.0,few clouds
667,2025-03-29 16:30:00,Kasetsart University,3.09,3,1004,37.17,40,20,0.0,few clouds
669,2025-03-29 17:00:00,Kasetsart University,3.09,3,1004,36.81,43,20,0.0,few clouds
671,2025-03-29 17:30:00,Kasetsart University,3.6,4,1005,36.44,45,20,0.0,few clouds
673,2025-03-29 18:00:00,Kasetsart University,4.63,5,1005,35.91,46,20,0.0,few clouds
675,2025-03-29 18:30:00,Kasetsart University,5.14,5,1006,35.4,48,20,0.0,few clouds
677,2025-03-29 19:00:00,Kasetsart University,4.63,5,1006,32.97,52,20,0.0,few clouds
679,2025-03-29 19:30:00,Kasetsart University,4.63,5,1007,32.37,54,20,0.0,few clouds
681,2025-03-29 20:00:00,Kasetsart University,4.12,4,1007,32.25,55,20,0.0,few clouds
683,2025-03-29 20:30:00,Kasetsart University,2.57,3,1008,32.14,57,20,0.0,few clouds
685,2025-03-29 21:00:00,Kasetsart University,3.6,4,1008,32.42,60,20,0.0,few clouds
687,2025-03-29 21:30:00,Kasetsart University,3.6,4,1008,31.23,61,20,0.0,few clouds
689,2025-03-29 22:00:00,Kasetsart University,4.12,4,1008,31.35,60,20,0.0,few clouds
691,2025-03-29 22:30:00,Kasetsart University,4.63,5,1009,30.44,64,20,0.0,few clouds
693,2025-03-29 23:00:00,Kasetsart University,4.63,5,1009,30.33,65,20,0.0,few clouds
695,2025-03-29 23:30:00,Kasetsart University,4.12,4,1008,30.33,69,20,0.0,few clouds
697,2025-03-30 00:00:00,Kasetsart University,5.14,5,1008,30.21,69,20,5.68,heavy intensity rain
699,2025-03-30 00:30:00,Kasetsart University,5.14,5,1008,30.21,71,20,0.0,few clouds
701,2025-03-30 01:00:00,Kasetsart University,4.63,5,1008,29.42,75,20,0.0,few clouds
703,2025-03-30 01:30:00,Kasetsart University,3.6,4,1007,29.3,75,20,0.0,few clouds
705,2025-03-30 02:00:00,Kasetsart University,4.12,4,1008,29.42,75,20,0.0,few clouds
707,2025-03-30 02:30:00,Kasetsart University,5.14,5,1007,29.42,78,20,0.0,few clouds
709,2025-03-30 03:00:00,Kasetsart University,4.12,4,1007,29.3,75,20,0.0,few clouds
711,2025-03-30 03:30:00,Kasetsart University,3.6,4,1007,29.5,75,20,0.0,few clouds
713,2025-03-30 04:00:00,Kasetsart University,3.6,4,1007,29.28,75,20,0.0,few clouds
715,2025-03-30 04:30:00,Kasetsart University,3.6,4,1008,29.42,75,20,0.0,few clouds
717,2025-03-30 05:00:00,Kasetsart University,4.12,4,1008,29.3,75,20,0.0,few clouds
719,2025-03-30 05:30:00,Kasetsart University,2.06,2,1009,30.37,80,20,0.0,few clouds
721,2025-03-30 06:00:00,Kasetsart University,3.6,4,1009,29.39,74,20,0.0,few clouds
723,2025-03-30 06:30:00,Kasetsart University,3.6,4,1010,29.42,74,20,0.0,few clouds
725,2025-03-30 07:00:00,Kasetsart University,2.57,3,1010,29.58,71,40,0.0,scattered clouds
727,2025-03-30 07:30:00,Kasetsart University,2.06,2,1010,30.35,79,40,0.0,scattered clouds
729,2025-03-30 08:00:00,Kasetsart University,3.09,3,1011,31.36,74,20,0.0,few clouds
731,2025-03-30 08:30:00,Kasetsart University,4.12,4,1011,31.11,74,20,0.0,few clouds
733,2025-03-30 09:00:00,Kasetsart University,4.63,5,1012,32.06,71,40,0.0,scattered clouds
735,2025-03-30 09:30:00,Kasetsart University,4.63,5,1012,32.42,67,40,0.0,scattered clouds
737,2025-03-30 10:00:00,Kasetsart University,4.12,4,1012,33.79,61,40,0.0,scattered clouds
739,2025-03-30 10:30:00,Kasetsart University,4.12,4,1012,34.5,59,40,0.0,scattered clouds
741,2025-03-30 11:00:00,Kasetsart University,2.57,3,1012,34.7,57,40,0.0,scattered clouds
743,2025-03-30 11:30:00,Kasetsart University,3.09,3,1011,34.87,58,40,0.0,scattered clouds
745,2025-03-30 12:00:00,Kasetsart University,4.88,5,1011,35.63,55,67,0.0,broken clouds
747,2025-03-30 12:30:00,Kasetsart University,5.12,5,1009,35.63,55,73,0.0,broken clouds
749,2025-03-30 13:00:00,Kasetsart University,5.12,5,1009,35.25,57,73,0.12,light rain
751,2025-03-30 13:30:00,Kasetsart University,5.05,5,1008,34.91,54,100,0.0,overcast clouds
753,2025-03-30 14:00:00,Kasetsart University,5.05,5,1008,34.64,57,100,0.39,light rain
755,2025-03-30 14:30:00,Kasetsart University,5.07,5,1007,33.92,62,100,2.73,moderate rain
757,2025-03-30 15:00:00,Kasetsart University,5.07,5,1007,33.53,64,100,1.64,moderate rain
759,2025-03-30 15:30:00,Kasetsart University,5.33,5,1007,33.49,62,100,1.78,moderate rain
761,2025-03-30 16:00:00,Kasetsart University,5.33,5,1007,32.83,70,100,0.0,overcast clouds
763,2025-03-30 16:30:00,Kasetsart University,5.37,5,1007,34.19,61,100,0.0,overcast clouds
765,2025-03-30 17:00:00,Kasetsart University,5.37,5,1007,34.11,58,100,0.58,light rain
767,2025-03-30 17:30:00,Kasetsart University,5.33,5,1008,33.79,58,100,0.16,light rain
769,2025-03-30 18:00:00,Kasetsart University,5.33,5,1008,33.31,57,100,0.0,overcast clouds
771,2025-03-30 18:30:00,Kasetsart University,5.31,5,1008,33.67,59,100,0.15,light rain
773,2025-03-30 19:00:00,Kasetsart University,4.41,4,1008,33.44,59,100,0.65,light rain
775,2025-03-30 19:30:00,Kasetsart University,4.45,4,1009,32.56,76,100,0.75,light rain
777,2025-03-30 20:00:00,Kasetsart University,4.45,4,1009,32.85,66,100,2.05,moderate rain
779,2025-03-30 20:30:00,Kasetsart University,4.18,4,1010,32.82,61,100,3.16,moderate rain
781,2025-03-30 21:00:00,Kasetsart University,4.18,4,1010,32.68,58,100,6.31,heavy intensity rain
783,2025-03-30 21:30:00,Kasetsart University,4.15,4,1011,32.81,63,99,6.48,heavy intensity rain
785,2025-03-30 22:00:00,Kasetsart University,3.09,3,1011,30.15,82,20,2.37,moderate rain
787,2025-03-30 22:30:00,Kasetsart University,2.57,3,1011,30.22,82,20,0.4,light rain
789,2025-03-30 23:00:00,Kasetsart University,3.09,3,1011,30.15,85,75,0.0,broken clouds
791,2025-03-30 23:30:00,Kasetsart University,4.15,4,1010,31.29,85,91,0.0,overcast clouds
793,2025-03-31 00:00:00,Kasetsart University,2.57,3,1010,27.96,89,75,0.0,mist
795,2025-03-31 00:30:00,Kasetsart University,2.57,3,1010,27.7,86,75,0.0,mist
797,2025-03-31 01:00:00,Kasetsart University,2.06,2,1010,26.97,94,20,0.0,mist
799,2025-03-31 01:30:00,Kasetsart University,1.54,2,1009,29.52,85,20,0.0,mist
801,2025-03-31 02:00:00,Kasetsart University,2.06,2,1009,29.45,86,20,0.0,few clouds
803,2025-03-31 02:30:00,Kasetsart University,3.09,3,1009,29.45,87,20,0.0,few clouds
805,2025-03-31 03:00:00,Kasetsart University,2.57,3,1009,29.21,88,20,0.0,few clouds
807,2025-03-31 03:30:00,Kasetsart University,2.06,2,1008,26.97,94,20,0.0,few clouds
809,2025-03-31 04:00:00,Kasetsart University,2.57,3,1008,27.53,86,20,0.0,few clouds
811,2025-03-31 04:30:00,Kasetsart University,2.57,3,1009,29.15,89,20,0.0,few clouds
813,2025-03-31 05:00:00,Kasetsart University,3.09,3,1009,26.97,89,20,0.0,few clouds
815,2025-03-31 05:30:00,Kasetsart University,2.57,3,1009,28.91,88,20,0.0,few clouds
817,2025-03-31 06:00:00,Kasetsart University,2.06,2,1009,27.22,86,20,0.0,few clouds
819,2025-03-31 06:30:00,Kasetsart University,3.09,3,1010,26.97,89,40,0.0,mist
821,2025-03-31 07:00:00,Kasetsart University,2.06,2,1010,26.79,86,40,0.0,mist
823,2025-03-31 07:30:00,Kasetsart University,2.57,3,1011,27.02,88,40,0.0,mist
825,2025-03-31 08:00:00,Kasetsart University,3.09,3,1012,29.65,78,40,0.0,mist
827,2025-03-31 08:30:00,Kasetsart University,2.06,2,1012,29.52,78,40,0.0,mist
829,2025-03-31 09:00:00,Kasetsart University,2.24,2,1012,31.03,76,86,0.0,overcast clouds
831,2025-03-31 09:30:00,Kasetsart University,2.24,2,1012,31.13,73,86,0.0,overcast clouds
833,2025-03-31 10:00:00,Kasetsart University,2.5,3,1012,31.95,67,91,0.0,overcast clouds
835,2025-03-31 10:30:00,Kasetsart University,2.79,3,1011,32.44,65,93,0.0,overcast clouds
837,2025-03-31 11:00:00,Kasetsart University,2.79,3,1011,32.83,62,93,0.0,overcast clouds
839,2025-03-31 11:30:00,Kasetsart University,3.09,3,1010,32.01,65,20,0.0,few clouds
841,2025-03-31 12:00:00,Kasetsart University,2.82,3,1010,33.18,59,96,0.0,overcast clouds
843,2025-03-31 12:30:00,Kasetsart University,3.6,4,1009,33.36,59,96,0.0,overcast clouds
845,2025-03-31 13:00:00,Kasetsart University,2.57,3,1009,32.58,61,40,0.0,scattered clouds
847,2025-03-31 13:30:00,Kasetsart University,3.09,3,1008,32.95,59,40,0.0,scattered clouds
849,2025-03-31 14:00:00,Kasetsart University,3.6,4,1008,33.22,57,20,0.0,few clouds
851,2025-03-31 14:30:00,Kasetsart University,3.6,4,1007,33.53,57,20,0.17,light rain
853,2025-03-31 15:00:00,Kasetsart University,1.52,2,1007,34.6,54,98,0.0,overcast clouds
855,2025-03-31 15:30:00,Kasetsart University,4.63,5,1006,33.4,58,20,0.0,few clouds
857,2025-03-31 16:00:00,Kasetsart University,4.63,5,1006,33.22,57,20,0.0,few clouds
859,2025-03-31 16:30:00,Kasetsart University,3.6,4,1006,32.86,59,40,0.0,scattered clouds
861,2025-03-31 17:00:00,Kasetsart University,4.63,5,1007,32.51,63,40,0.0,scattered clouds
863,2025-03-31 17:30:00,Kasetsart University,4.63,5,1007,32.29,63,40,0.0,scattered clouds
865,2025-03-31 18:00:00,Kasetsart University,3.09,3,1007,31.64,67,40,0.0,scattered clouds
867,2025-03-31 18:30:00,Kasetsart University,2.57,3,1007,31.64,68,40,0.0,scattered clouds
869,2025-03-31 19:00:00,Kasetsart University,2.06,2,1007,31.49,68,20,0.0,few clouds
871,2025-03-31 19:30:00,Kasetsart University,1.54,2,1008,31.1,72,20,0.0,few clouds
873,2025-03-31 20:00:00,Kasetsart University,2.06,2,1010,30.93,73,20,0.0,few clouds
875,2025-03-31 20:30:00,Kasetsart University,3.09,3,1010,30.93,73,20,0.0,few clouds
877,2025-03-31 21:00:00,Kasetsart University,3.6,4,1010,29.96,84,20,0.0,few clouds
879,2025-03-31 21:30:00,Kasetsart University,3.09,3,1011,30.93,74,20,0.0,few clouds
881,2025-03-31 22:00:00,Kasetsart University,2.57,3,1011,29.6,83,40,0.0,scattered clouds
883,2025-03-31 22:30:00,Kasetsart University,2.06,2,1011,28.14,66,20,0.0,few clouds
885,2025-03-31 23:00:00,Kasetsart University,2.06,2,1011,30.16,75,20,0.0,few clouds
887,2025-03-31 23:30:00,Kasetsart University,2.06,2,1010,30.16,76,20,0.0,few clouds
889,2025-04-01 00:00:00,Kasetsart University,2.57,3,1010,28.26,79,20,0.0,few clouds
891,2025-04-01 00:30:00,Kasetsart University,2.06,2,1010,27.33,83,20,0.0,few clouds
893,2025-04-01 01:00:00,Kasetsart University,1.54,2,1010,28.72,69,20,0.0,few clouds
895,2025-04-01 01:30:00,Kasetsart University,2.06,2,1009,27.51,82,20,0.0,few clouds
897,2025-04-01 02:00:00,Kasetsart University,2.06,2,1009,27.31,83,20,0.0,few clouds
899,2025-04-01 02:30:00,Kasetsart University,1.54,2,1008,27.22,83,20,0.0,few clouds
901,2025-04-01 03:00:00,Kasetsart University,0.0,0,1008,27.31,83,20,0.0,few clouds
903,2025-04-01 03:30:00,Kasetsart University,1.03,1,1008,27.22,83,20,0.0,few clouds
905,2025-04-01 04:00:00,Kasetsart University,0.51,1,1008,29.16,76,20,0.0,few clouds
907,2025-04-01 04:30:00,Kasetsart University,2.06,2,1008,29.12,77,20,0.0,few clouds
909,2025-04-01 05:00:00,Kasetsart University,1.54,2,1008,29.09,78,20,0.0,few clouds
911,2025-04-01 05:30:00,Kasetsart University,2.06,2,1009,29.12,78,20,0.0,few clouds
913,2025-04-01 06:00:00,Kasetsart University,2.06,2,1009,26.58,87,20,0.0,few clouds
915,2025-04-01 06:30:00,Kasetsart University,1.03,1,1010,26.29,87,20,0.0,few clouds
917,2025-04-01 07:00:00,Kasetsart University,2.06,2,1010,27.88,76,20,0.0,few clouds
919,2025-04-01 07:30:00,Kasetsart University,2.06,2,1011,29.12,80,20,0.0,few clouds
921,2025-04-01 08:00:00,Kasetsart University,2.06,2,1011,28.6,74,20,0.0,few clouds
923,2025-04-01 08:30:00,Kasetsart University,1.03,1,1011,30.03,76,20,0.0,few clouds
925,2025-04-01 09:00:00,Kasetsart University,1.54,2,1011,30.25,76,40,0.0,scattered clouds
927,2025-04-01 09:30:00,Kasetsart University,2.65,3,1011,31.84,69,89,0.0,overcast clouds
929,2025-04-01 10:00:00,Kasetsart University,2.65,3,1011,32.24,66,89,0.0,overcast clouds
931,2025-04-01 10:30:00,Kasetsart University,2.06,2,1010,32.32,64,40,0.0,scattered clouds
933,2025-04-01 11:00:00,Kasetsart University,3.09,3,1010,32.45,63,40,0.0,scattered clouds
935,2025-04-01 11:30:00,Kasetsart University,2.77,3,1009,33.22,57,93,0.0,overcast clouds
937,2025-04-01 12:00:00,Kasetsart University,3.09,3,1009,33.1,55,40,0.0,scattered clouds
939,2025-04-01 12:30:00,Kasetsart University,2.11,2,1008,34.17,52,94,0.0,overcast clouds
941,2025-04-01 13:00:00,Kasetsart University,3.09,3,1008,33.99,52,40,0.0,scattered clouds
943,2025-04-01 13:30:00,Kasetsart University,1.03,1,1007,34.6,50,20,0.0,few clouds
945,2025-04-01 14:00:00,Kasetsart University,2.06,2,1007,34.63,49,20,0.0,few clouds
947,2025-04-01 14:30:00,Kasetsart University,3.87,4,1006,35.51,46,96,0.0,overcast clouds
949,2025-04-01 15:00:00,Kasetsart University,2.57,3,1006,35.08,49,20,0.0,few clouds
951,2025-04-01 15:30:00,Kasetsart University,2.06,2,1006,35.56,48,20,0.0,few clouds
953,2025-04-01 16:00:00,Kasetsart University,2.57,3,1006,34.39,47,20,0.0,few clouds
955,2025-04-01 16:30:00,Kasetsart University,1.54,2,1006,34.75,47,20,0.0,few clouds
957,2025-04-01 17:00:00,Kasetsart University,3.09,3,1006,34.54,51,20,0.0,few clouds
959,2025-04-01 17:30:00,Kasetsart University,3.09,3,1006,33.56,51,20,0.0,few clouds
961,2025-04-01 18:00:00,Kasetsart University,4.63,5,1006,33.69,57,20,0.0,few clouds
963,2025-04-01 18:30:00,Kasetsart University,4.63,5,1007,32.57,56,20,0.0,few clouds
965,2025-04-01 19:00:00,Kasetsart University,3.6,4,1007,32.49,56,20,0.0,few clouds
967,2025-04-01 19:30:00,Kasetsart University,3.6,4,1008,32.22,54,20,0.0,few clouds
969,2025-04-01 20:00:00,Kasetsart University,3.6,4,1009,32.2,56,20,0.0,few clouds
971,2025-04-01 20:30:00,Kasetsart University,3.09,3,1010,31.58,54,20,0.0,few clouds
973,2025-04-01 21:00:00,Kasetsart University,2.57,3,1010,30.91,67,20,0.0,few clouds
975,2025-04-01 21:30:00,Kasetsart University,2.57,3,1011,30.53,68,20,0.0,few clouds
977,2025-04-01 22:00:00,Kasetsart University,2.06,2,1011,30.8,68,20,0.0,few clouds
979,2025-04-01 22:30:00,Kasetsart University,2.06,2,1011,30.91,65,20,0.0,few clouds
981,2025-04-01 23:00:00,Kasetsart University,1.54,2,1011,30.96,65,20,0.0,few clouds
983,2025-04-01 23:30:00,Kasetsart University,2.06,2,1010,30.9,64,20,0.0,few clouds
985,2025-04-02 00:00:00,Kasetsart University,3.09,3,1010,30.96,65,20,0.0,few clouds
987,2025-04-02 00:30:00,Kasetsart University,2.57,3,1010,30.9,66,20,0.0,few clouds
989,2025-04-02 01:00:00,Kasetsart University,1.03,1,1010,30.24,68,20,0.0,few clouds
991,2025-04-02 01:30:00,Kasetsart University,1.03,1,1009,29.1,77,20,0.0,few clouds
993,2025-04-02 02:00:00,Kasetsart University,2.57,3,1009,28.46,79,20,0.0,few clouds
995,2025-04-02 02:30:00,Kasetsart University,1.54,2,1008,29.61,70,20,0.0,few clouds
997,2025-04-02 03:00:00,Kasetsart University,1.54,2,1008,28.35,82,20,0.0,few clouds
999,2025-04-02 03:30:00,Kasetsart University,1.54,2,1008,29.5,72,20,0.0,few clouds
1001,2025-04-02 04:00:00,Kasetsart University,1.54,2,1008,29.32,73,20,0.0,few clouds
1003,2025-04-02 04:30:00,Kasetsart University,1.54,2,1008,29.5,72,20,0.0,few clouds
1005,2025-04-02 05:00:00,Kasetsart University,1.54,2,1008,29.5,73,20,0.0,few clouds
1007,2025-04-02 05:30:00,Kasetsart University,1.54,2,1009,29.43,73,20,0.0,few clouds
1009,2025-04-02 06:00:00,Kasetsart University,1.54,2,1009,27.79,88,20,0.0,few clouds
1011,2025-04-02 06:30:00,Kasetsart University,2.06,2,1010,27.79,88,20,0.0,few clouds
1013,2025-04-02 07:00:00,Kasetsart University,2.06,2,1010,29.92,79,20,0.0,mist
1015,2025-04-02 07:30:00,Kasetsart University,2.57,3,1012,29.56,71,20,0.0,mist
1017,2025-04-02 08:00:00,Kasetsart University,2.57,3,1012,30.35,68,20,0.0,mist
1019,2025-04-02 08:30:00,Kasetsart University,3.09,3,1012,30.64,63,20,0.0,few clouds
1021,2025-04-02 09:00:00,Kasetsart University,4.39,4,1012,31.9,55,100,0.0,overcast clouds
1023,2025-04-02 09:30:00,Kasetsart University,4.12,4,1012,31.43,56,20,0.0,few clouds
1025,2025-04-02 10:00:00,Kasetsart University,5.14,5,1012,32.0,53,20,0.0,few clouds
1027,2025-04-02 10:30:00,Kasetsart University,4.12,4,1012,32.43,50,20,0.0,few clouds
1029,2025-04-02 11:00:00,Kasetsart University,4.63,5,1012,33.39,51,20,0.0,few clouds
1031,2025-04-02 11:30:00,Kasetsart University,4.63,5,1011,33.9,49,20,0.0,few clouds
1033,2025-04-02 12:00:00,Kasetsart University,4.63,5,1011,33.45,49,20,0.0,few clouds
1035,2025-04-02 12:30:00,Kasetsart University,3.6,4,1010,34.19,47,20,0.0,few clouds
1037,2025-04-02 13:00:00,Kasetsart University,3.09,3,1010,34.23,46,20,1.28,moderate rain
1039,2025-04-02 13:30:00,Kasetsart University,3.6,4,1009,34.63,45,20,0.0,few clouds
1041,2025-04-02 14:00:00,Kasetsart University,3.6,4,1009,34.86,45,20,0.0,few clouds
1043,2025-04-02 14:30:00,Kasetsart University,3.6,4,1009,35.15,44,20,0.0,few clouds
1045,2025-04-02 15:00:00,Kasetsart University,3.6,4,1009,35.12,44,20,0.0,few clouds
1047,2025-04-02 15:30:00,Kasetsart University,4.63,5,1007,35.89,43,20,0.0,few clouds
1049,2025-04-02 16:00:00,Kasetsart University,3.09,3,1007,35.75,42,20,0.0,few clouds
1051,2025-04-02 16:30:00,Kasetsart University,5.14,5,1007,35.17,44,20,0.0,few clouds
1053,2025-04-02 17:00:00,Kasetsart University,3.6,4,1007,35.12,44,20,0.0,few clouds
1055,2025-04-02 17:30:00,Kasetsart University,3.09,3,1008,34.8,45,20,0.0,few clouds
1057,2025-04-02 18:00:00,Kasetsart University,2.57,3,1008,34.8,45,20,0.0,few clouds
1059,2025-04-02 18:30:00,Kasetsart University,2.57,3,1008,33.61,48,20,0.0,few clouds
1061,2025-04-02 19:00:00,Kasetsart University,2.06,2,1008,33.42,46,20,0.0,few clouds
1063,2025-04-02 19:30:00,Kasetsart University,2.06,2,1009,33.42,47,20,0.0,few clouds
1065,2025-04-02 20:00:00,Kasetsart University,1.54,2,1011,31.57,53,20,0.0,few clouds
1067,2025-04-02 20:30:00,Kasetsart University,5.14,5,1011,30.92,62,20,0.0,few clouds
1069,2025-04-02 21:00:00,Kasetsart University,4.12,4,1011,30.72,63,20,0.0,few clouds
1071,2025-04-02 21:30:00,Kasetsart University,3.6,4,1013,31.09,62,20,0.0,few clouds
1073,2025-04-02 22:00:00,Kasetsart University,3.09,3,1013,30.74,64,20,0.0,few clouds
1075,2025-04-02 22:30:00,Kasetsart University,2.57,3,1012,29.69,66,20,0.0,few clouds
1077,2025-04-02 23:00:00,Kasetsart University,2.06,2,1012,29.6,66,20,0.0,few clouds
1079,2025-04-02 23:30:00,Kasetsart University,2.57,3,1012,29.59,66,20,0.0,few clouds
1081,2025-04-03 00:00:00,Kasetsart University,1.54,2,1012,30.57,61,20,0.0,few clouds
1083,2025-04-03 00:30:00,Kasetsart University,2.06,2,1011,29.4,68,20,0.0,few clouds
1085,2025-04-03 01:00:00,Kasetsart University,1.54,2,1011,29.4,68,20,0.0,few clouds
1087,2025-04-03 01:30:00,Kasetsart University,1.54,2,1010,29.3,69,20,0.0,few clouds
1089,2025-04-03 02:00:00,Kasetsart University,1.54,2,1010,29.2,70,20,0.0,few clouds
1091,2025-04-03 02:30:00,Kasetsart University,1.54,2,1010,29.3,70,20,0.0,few clouds
1093,2025-04-03 03:00:00,Kasetsart University,1.54,2,1010,28.94,74,20,0.0,few clouds
1095,2025-04-03 03:30:00,Kasetsart University,2.06,2,1010,28.94,75,20,0.0,few clouds
1097,2025-04-03 04:00:00,Kasetsart University,2.06,2,1010,28.83,73,20,0.0,few clouds
1099,2025-04-03 04:30:00,Kasetsart University,1.78,2,1010,28.3,75,97,0.0,overcast clouds
1101,2025-04-03 05:00:00,Kasetsart University,1.78,2,1010,31.4,69,97,0.0,overcast clouds
1103,2025-04-03 05:30:00,Kasetsart University,2.47,2,1011,31.09,69,98,0.0,overcast clouds
1105,2025-04-03 06:00:00,Kasetsart University,2.47,2,1011,31.07,55,98,0.0,overcast clouds
1107,2025-04-03 06:30:00,Kasetsart University,2.72,3,1012,31.07,56,98,0.0,overcast clouds
1109,2025-04-03 07:00:00,Kasetsart University,2.58,3,1012,31.07,55,100,0.0,overcast clouds
1111,2025-04-03 07:30:00,Kasetsart University,2.54,3,1013,31.09,71,100,0.0,overcast clouds
1113,2025-04-03 08:00:00,Kasetsart University,2.54,3,1013,31.05,71,100,0.0,overcast clouds
1115,2025-04-03 08:30:00,Kasetsart University,2.83,3,1014,31.62,57,76,0.0,broken clouds
1117,2025-04-03 09:00:00,Kasetsart University,2.83,3,1014,32.13,68,76,0.0,broken clouds
1119,2025-04-03 09:30:00,Kasetsart University,3.47,3,1014,32.69,63,69,0.0,broken clouds
1121,2025-04-03 10:00:00,Kasetsart University,3.47,3,1014,32.33,67,69,0.0,broken clouds
1123,2025-04-03 10:30:00,Kasetsart University,1.54,2,1014,33.05,64,75,0.0,broken clouds
1125,2025-04-03 11:00:00,Kasetsart University,3.59,4,1014,33.45,64,66,0.0,broken clouds
1127,2025-04-03 11:30:00,Kasetsart University,4.0,4,1013,33.86,64,64,0.0,broken clouds
1129,2025-04-03 12:00:00,Kasetsart University,4.0,4,1013,34.42,61,64,0.0,broken clouds
1131,2025-04-03 12:30:00,Kasetsart University,4.32,4,1012,34.52,62,70,0.0,broken clouds
1133,2025-04-03 13:00:00,Kasetsart University,2.57,3,1012,33.38,61,40,0.0,scattered clouds
1135,2025-04-03 13:30:00,Kasetsart University,2.4,2,1010,34.94,59,99,0.0,overcast clouds
1137,2025-04-03 14:00:00,Kasetsart University,2.4,2,1011,35.09,58,99,0.0,overcast clouds
1139,2025-04-03 14:30:00,Kasetsart University,1.51,2,1010,35.43,63,100,0.0,overcast clouds
1141,2025-04-03 15:00:00,Kasetsart University,2.57,3,1010,34.83,49,20,0.0,few clouds
1143,2025-04-03 15:30:00,Kasetsart University,2.57,3,1011,34.92,48,20,0.0,few clouds
1145,2025-04-03 16:00:00,Kasetsart University,2.57,3,1009,34.49,48,20,0.0,few clouds
1147,2025-04-03 16:30:00,Kasetsart University,2.06,2,1008,34.28,50,20,0.0,few clouds
1149,2025-04-03 17:00:00,Kasetsart University,2.06,2,1008,35.16,48,20,0.0,few clouds
1151,2025-04-03 17:30:00,Kasetsart University,2.06,2,1008,34.32,50,20,0.0,few clouds
1153,2025-04-03 18:00:00,Kasetsart University,2.57,3,1009,33.99,50,20,0.0,few clouds
1155,2025-04-03 18:30:00,Kasetsart University,2.57,3,1008,34.29,53,20,0.0,few clouds
1157,2025-04-03 19:00:00,Kasetsart University,1.03,1,1008,33.51,56,20,0.0,few clouds
1159,2025-04-03 19:30:00,Kasetsart University,4.12,4,1009,33.0,62,20,0.0,few clouds
1161,2025-04-03 20:00:00,Kasetsart University,5.66,6,1009,31.14,63,20,0.0,few clouds
1163,2025-04-03 20:30:00,Kasetsart University,5.66,6,1010,32.18,65,20,3.07,moderate rain
1165,2025-04-03 21:00:00,Kasetsart University,5.14,5,1011,31.46,70,20,0.27,light rain
1167,2025-04-03 21:30:00,Kasetsart University,5.14,5,1011,31.94,64,20,0.0,few clouds
1169,2025-04-03 22:00:00,Kasetsart University,5.66,6,1012,31.26,72,20,0.0,few clouds
1171,2025-04-03 22:30:00,Kasetsart University,3.6,4,1012,32.0,67,20,0.45,light rain
1173,2025-04-03 23:00:00,Kasetsart University,4.12,4,1012,31.0,77,40,0.28,light rain
1175,2025-04-03 23:30:00,Kasetsart University,4.12,4,1011,29.48,70,40,0.16,light rain
1177,2025-04-04 00:00:00,Kasetsart University,4.12,4,1011,29.53,70,20,0.15,light rain
1179,2025-04-04 00:30:00,Kasetsart University,4.12,4,1011,29.07,74,20,0.0,few clouds
1181,2025-04-04 01:00:00,Kasetsart University,2.57,3,1011,28.73,72,20,0.0,few clouds
1183,2025-04-04 01:30:00,Kasetsart University,2.06,2,1010,28.64,72,20,0.0,few clouds
1185,2025-04-04 02:00:00,Kasetsart University,3.09,3,1010,28.94,78,20,0.0,few clouds
1187,2025-04-04 02:30:00,Kasetsart University,3.09,3,1009,28.82,75,20,0.29,light rain
1188,2025-04-04 03:00:00,Kasetsart University,3.09,3,1009,28.82,75,20,0.0,few clouds
1189,2025-04-04 03:30:00,Kasetsart University,2.57,3,1009,28.95,79,20,0.0,few clouds
1190,2025-04-04 04:00:00,Kasetsart University,2.57,3,1009,28.34,73,20,0.0,few clouds
1191,2025-04-04 04:30:00,Kasetsart University,1.54,2,1010,28.7,79,20,0.0,few clouds
1192,2025-04-04 05:00:00,Kasetsart University,1.54,2,1010,28.31,84,20,0.0,few clouds
1193,2025-04-04 05:30:00,Kasetsart University,1.03,1,1010,28.61,80,20,0.0,few clouds
1194,2025-04-04 06:00:00,Kasetsart University,2.06,2,1010,28.75,80,20,0.0,few clouds
1195,2025-04-04 06:30:00,Kasetsart University,2.06,2,1011,30.37,76,20,0.0,few clouds
1196,2025-04-04 07:00:00,Kasetsart University,2.06,2,1011,28.1,86,20,0.0,few clouds
1197,2025-04-04 07:30:00,Kasetsart University,1.54,2,1011,28.31,87,20,0.0,few clouds
1198,2025-04-04 08:00:00,Kasetsart University,2.31,2,1012,31.52,73,96,0.0,overcast clouds
1199,2025-04-04 08:30:00,Kasetsart University,1.54,2,1012,29.67,79,20,0.0,few clouds
1200,2025-04-04 09:00:00,Kasetsart University,2.57,3,1013,32.21,68,20,0.0,few clouds
1201,2025-04-04 09:30:00,Kasetsart University,2.57,3,1012,32.05,69,20,0.0,few clouds
1202,2025-04-04 10:00:00,Kasetsart University,2.57,3,1013,33.22,60,20,0.0,few clouds
1203,2025-04-04 10:30:00,Kasetsart University,1.54,2,1012,33.92,58,20,0.0,few clouds
1204,2025-04-04 11:00:00,Kasetsart University,2.06,2,1012,33.28,63,20,0.0,few clouds
1205,2025-04-04 11:30:00,Kasetsart University,1.03,1,1011,33.85,61,20,0.0,few clouds
1206,2025-04-04 12:00:00,Kasetsart University,1.54,2,1011,34.62,56,20,0.0,few clouds
1207,2025-04-04 12:30:00,Kasetsart University,2.06,2,1010,34.96,53,20,0.0,few clouds
1208,2025-04-04 13:00:00,Kasetsart University,2.57,3,1010,35.46,58,40,0.0,scattered clouds
1209,2025-04-04 13:30:00,Kasetsart University,6.4,6,1009,35.78,55,77,0.0,broken clouds
1210,2025-04-04 14:00:00,Kasetsart University,6.4,6,1010,35.78,52,77,0.0,broken clouds
1211,2025-04-04 14:30:00,Kasetsart University,3.6,4,1008,35.54,59,20,0.0,few clouds
1212,2025-04-04 15:00:00,Kasetsart University,3.09,3,1009,35.71,59,20,0.0,few clouds
1213,2025-04-04 15:30:00,Kasetsart University,5.96,6,1007,36.01,62,91,0.0,overcast clouds
1214,2025-04-04 16:00:00,Kasetsart University,5.96,6,1008,36.42,63,91,0.0,overcast clouds
1215,2025-04-04 16:30:00,Kasetsart University,6.12,6,1007,36.43,64,71,0.0,broken clouds
1216,2025-04-04 17:00:00,Kasetsart University,3.09,3,1007,34.37,64,20,0.0,few clouds
1217,2025-04-04 17:30:00,Kasetsart University,4.12,4,1007,34.5,57,20,0.0,few clouds
1218,2025-04-04 18:00:00,Kasetsart University,5.66,6,1007,33.37,63,20,0.0,few clouds
1219,2025-04-04 18:30:00,Kasetsart University,6.17,6,1008,32.04,69,20,0.0,few clouds
1220,2025-04-04 19:00:00,Kasetsart University,6.17,6,1008,30.8,66,20,0.0,few clouds
1221,2025-04-04 19:30:00,Kasetsart University,6.17,6,1009,30.3,69,20,0.0,few clouds
1222,2025-04-04 20:00:00,Kasetsart University,5.14,5,1009,30.9,72,20,0.0,few clouds
1223,2025-04-04 20:30:00,Kasetsart University,6.69,7,1010,28.78,62,20,0.0,few clouds
1224,2025-04-04 21:00:00,Kasetsart University,6.69,7,1011,29.31,70,20,0.0,few clouds
1225,2025-04-04 21:30:00,Kasetsart University,6.17,6,1011,29.31,68,20,0.0,few clouds
1226,2025-04-04 22:00:00,Kasetsart University,6.17,6,1012,29.31,69,20,0.0,few clouds
1227,2025-04-04 22:30:00,Kasetsart University,5.14,5,1011,29.2,71,20,0.0,few clouds
1228,2025-04-04 23:00:00,Kasetsart University,4.63,5,1012,29.2,72,20,0.0,few clouds
1229,2025-04-04 23:30:00,Kasetsart University,3.6,4,1011,28.94,74,20,0.0,few clouds
1230,2025-04-05 00:00:00,Kasetsart University,5.14,5,1012,28.95,74,20,0.0,few clouds
1231,2025-04-05 00:30:00,Kasetsart University,4.63,5,1011,28.45,73,20,0.0,few clouds
1232,2025-04-05 01:00:00,Kasetsart University,4.12,4,1011,28.95,79,20,0.0,few clouds
1233,2025-04-05 01:30:00,Kasetsart University,2.57,3,1010,28.95,79,20,0.0,few clouds
1234,2025-04-05 02:00:00,Kasetsart University,3.09,3,1011,29.42,78,20,0.0,few clouds
1235,2025-04-05 02:30:00,Kasetsart University,2.57,3,1010,28.79,80,20,0.0,few clouds
1236,2025-04-05 03:00:00,Kasetsart University,3.6,4,1010,29.4,78,20,0.0,few clouds
1237,2025-04-05 03:30:00,Kasetsart University,3.09,3,1009,28.41,84,20,0.0,few clouds
1238,2025-04-05 04:00:00,Kasetsart University,2.06,2,1010,28.31,84,20,0.0,few clouds
1239,2025-04-05 04:30:00,Kasetsart University,2.06,2,1010,28.31,84,20,0.0,few clouds
1240,2025-04-05 05:00:00,Kasetsart University,1.54,2,1010,28.1,85,20,0.0,few clouds
1241,2025-04-05 05:30:00,Kasetsart University,1.54,2,1010,28.2,87,20,0.0,few clouds
1242,2025-04-05 06:00:00,Kasetsart University,2.06,2,1010,27.99,87,20,0.0,few clouds
1243,2025-04-05 06:30:00,Kasetsart University,2.06,2,1011,27.89,87,20,0.0,few clouds
1244,2025-04-05 07:00:00,Kasetsart University,1.54,2,1011,28.1,87,20,0.0,few clouds
1245,2025-04-05 07:30:00,Kasetsart University,1.54,2,1011,29.35,87,20,0.0,few clouds
1246,2025-04-05 08:00:00,Kasetsart University,1.54,2,1012,29.03,84,20,0.0,few clouds
1247,2025-04-05 08:30:00,Kasetsart University,3.09,3,1012,30.27,85,20,0.0,few clouds
1248,2025-04-05 09:00:00,Kasetsart University,1.54,2,1013,31.29,75,20,0.0,few clouds
1249,2025-04-05 09:30:00,Kasetsart University,1.54,2,1012,32.49,66,20,0.0,few clouds
1250,2025-04-05 10:00:00,Kasetsart University,2.57,3,1013,33.22,60,20,0.0,few clouds
1251,2025-04-05 10:30:00,Kasetsart University,3.6,4,1012,33.31,61,20,0.0,few clouds
1252,2025-04-05 11:00:00,Kasetsart University,3.09,3,1012,33.81,64,20,0.0,few clouds
1253,2025-04-05 11:30:00,Kasetsart University,3.09,3,1010,34.29,56,40,0.0,scattered clouds
1254,2025-04-05 12:00:00,Kasetsart University,2.57,3,1010,35.0,55,40,0.0,scattered clouds
1255,2025-04-05 12:30:00,Kasetsart University,3.09,3,1009,34.77,52,40,0.0,scattered clouds
1256,2025-04-05 13:00:00,Kasetsart University,3.09,3,1009,35.34,53,40,0.0,scattered clouds
1257,2025-04-05 13:30:00,Kasetsart University,4.12,4,1008,35.54,53,40,0.0,scattered clouds
1258,2025-04-05 14:00:00,Kasetsart University,4.12,4,1009,35.36,53,40,0.0,scattered clouds
1259,2025-04-05 14:30:00,Kasetsart University,4.12,4,1008,35.64,58,40,0.0,scattered clouds
1260,2025-04-05 15:00:00,Kasetsart University,5.14,5,1009,36.07,50,40,0.0,scattered clouds
1261,2025-04-05 15:30:00,Kasetsart University,5.14,5,1007,35.91,50,40,0.0,scattered clouds
1262,2025-04-05 16:00:00,Kasetsart University,5.14,5,1008,35.71,50,20,0.0,few clouds
1263,2025-04-05 16:30:00,Kasetsart University,5.14,5,1007,35.78,55,20,0.0,few clouds
1264,2025-04-05 17:00:00,Kasetsart University,5.66,6,1008,35.18,52,20,0.0,few clouds
1265,2025-04-05 17:30:00,Kasetsart University,5.66,6,1007,34.55,58,20,0.0,few clouds
1266,2025-04-05 18:00:00,Kasetsart University,5.66,6,1007,33.33,60,20,0.0,few clouds
1267,2025-04-05 18:30:00,Kasetsart University,5.66,6,1007,32.06,60,20,0.0,few clouds
1268,2025-04-05 19:00:00,Kasetsart University,4.63,5,1007,30.87,63,20,0.0,few clouds
